prompt,classname,classidx
a photo of a AM General Hummer SUV 2000.,AM General Hummer SUV 2000,0
a photo of a Acura RL Sedan 2012.,Acura RL Sedan 2012,1
a photo of a Acura TL Sedan 2012.,Acura TL Sedan 2012,2
a photo of a Acura TL Type-S 2008.,Acura TL Type-S 2008,3
a photo of a Acura TSX Sedan 2012.,Acura TSX Sedan 2012,4
a photo of a Acura Integra Type R 2001.,Acura Integra Type R 2001,5
a photo of a Acura ZDX Hatchback 2012.,Acura ZDX Hatchback 2012,6
a photo of a Aston Martin V8 Vantage Convertible 2012.,Aston Martin V8 Vantage Convertible 2012,7
a photo of a Aston Martin V8 Vantage Coupe 2012.,Aston Martin V8 Vantage Coupe 2012,8
a photo of a Aston Martin Virage Convertible 2012.,Aston Martin Virage Convertible 2012,9
a photo of a Aston Martin Virage Coupe 2012.,Aston Martin Virage Coupe 2012,10
a photo of a Audi RS 4 Convertible 2008.,Audi RS 4 Convertible 2008,11
a photo of a Audi A5 Coupe 2012.,Audi A5 Coupe 2012,12
a photo of a Audi TTS Coupe 2012.,Audi TTS Coupe 2012,13
a photo of a Audi R8 Coupe 2012.,Audi R8 Coupe 2012,14
a photo of a Audi V8 Sedan 1994.,Audi V8 Sedan 1994,15
a photo of a Audi 100 Sedan 1994.,Audi 100 Sedan 1994,16
a photo of a Audi 100 Wagon 1994.,Audi 100 Wagon 1994,17
a photo of a Audi TT Hatchback 2011.,Audi TT Hatchback 2011,18
a photo of a Audi S6 Sedan 2011.,Audi S6 Sedan 2011,19
a photo of a Audi S5 Convertible 2012.,Audi S5 Convertible 2012,20
a photo of a Audi S5 Coupe 2012.,Audi S5 Coupe 2012,21
a photo of a Audi S4 Sedan 2012.,Audi S4 Sedan 2012,22
a photo of a Audi S4 Sedan 2007.,Audi S4 Sedan 2007,23
a photo of a Audi TT RS Coupe 2012.,Audi TT RS Coupe 2012,24
a photo of a BMW ActiveHybrid 5 Sedan 2012.,BMW ActiveHybrid 5 Sedan 2012,25
a photo of a BMW 1 Series Convertible 2012.,BMW 1 Series Convertible 2012,26
a photo of a BMW 1 Series Coupe 2012.,BMW 1 Series Coupe 2012,27
a photo of a BMW 3 Series Sedan 2012.,BMW 3 Series Sedan 2012,28
a photo of a BMW 3 Series Wagon 2012.,BMW 3 Series Wagon 2012,29
a photo of a BMW 6 Series Convertible 2007.,BMW 6 Series Convertible 2007,30
a photo of a BMW X5 SUV 2007.,BMW X5 SUV 2007,31
a photo of a BMW X6 SUV 2012.,BMW X6 SUV 2012,32
a photo of a BMW M3 Coupe 2012.,BMW M3 Coupe 2012,33
a photo of a BMW M5 Sedan 2010.,BMW M5 Sedan 2010,34
a photo of a BMW M6 Convertible 2010.,BMW M6 Convertible 2010,35
a photo of a BMW X3 SUV 2012.,BMW X3 SUV 2012,36
a photo of a BMW Z4 Convertible 2012.,BMW Z4 Convertible 2012,37
a photo of a Bentley Continental Supersports Conv. Convertible 2012.,Bentley Continental Supersports Conv. Convertible 2012,38
a photo of a Bentley Arnage Sedan 2009.,Bentley Arnage Sedan 2009,39
a photo of a Bentley Mulsanne Sedan 2011.,Bentley Mulsanne Sedan 2011,40
a photo of a Bentley Continental GT Coupe 2012.,Bentley Continental GT Coupe 2012,41
a photo of a Bentley Continental GT Coupe 2007.,Bentley Continental GT Coupe 2007,42
a photo of a Bentley Continental Flying Spur Sedan 2007.,Bentley Continental Flying Spur Sedan 2007,43
a photo of a Bugatti Veyron 16.4 Convertible 2009.,Bugatti Veyron 16.4 Convertible 2009,44
a photo of a Bugatti Veyron 16.4 Coupe 2009.,Bugatti Veyron 16.4 Coupe 2009,45
a photo of a Buick Regal GS 2012.,Buick Regal GS 2012,46
a photo of a Buick Rainier SUV 2007.,Buick Rainier SUV 2007,47
a photo of a Buick Verano Sedan 2012.,Buick Verano Sedan 2012,48
a photo of a Buick Enclave SUV 2012.,Buick Enclave SUV 2012,49
a photo of a Cadillac CTS-V Sedan 2012.,Cadillac CTS-V Sedan 2012,50
a photo of a Cadillac SRX SUV 2012.,Cadillac SRX SUV 2012,51
a photo of a Cadillac Escalade EXT Crew Cab 2007.,Cadillac Escalade EXT Crew Cab 2007,52
a photo of a Chevrolet Silverado 1500 Hybrid Crew Cab 2012.,Chevrolet Silverado 1500 Hybrid Crew Cab 2012,53
a photo of a Chevrolet Corvette Convertible 2012.,Chevrolet Corvette Convertible 2012,54
a photo of a Chevrolet Corvette ZR1 2012.,Chevrolet Corvette ZR1 2012,55
a photo of a Chevrolet Corvette Ron Fellows Edition Z06 2007.,Chevrolet Corvette Ron Fellows Edition Z06 2007,56
a photo of a Chevrolet Traverse SUV 2012.,Chevrolet Traverse SUV 2012,57
a photo of a Chevrolet Camaro Convertible 2012.,Chevrolet Camaro Convertible 2012,58
a photo of a Chevrolet HHR SS 2010.,Chevrolet HHR SS 2010,59
a photo of a Chevrolet Impala Sedan 2007.,Chevrolet Impala Sedan 2007,60
a photo of a Chevrolet Tahoe Hybrid SUV 2012.,Chevrolet Tahoe Hybrid SUV 2012,61
a photo of a Chevrolet Sonic Sedan 2012.,Chevrolet Sonic Sedan 2012,62
a photo of a Chevrolet Express Cargo Van 2007.,Chevrolet Express Cargo Van 2007,63
a photo of a Chevrolet Avalanche Crew Cab 2012.,Chevrolet Avalanche Crew Cab 2012,64
a photo of a Chevrolet Cobalt SS 2010.,Chevrolet Cobalt SS 2010,65
a photo of a Chevrolet Malibu Hybrid Sedan 2010.,Chevrolet Malibu Hybrid Sedan 2010,66
a photo of a Chevrolet TrailBlazer SS 2009.,Chevrolet TrailBlazer SS 2009,67
a photo of a Chevrolet Silverado 2500HD Regular Cab 2012.,Chevrolet Silverado 2500HD Regular Cab 2012,68
a photo of a Chevrolet Silverado 1500 Classic Extended Cab 2007.,Chevrolet Silverado 1500 Classic Extended Cab 2007,69
a photo of a Chevrolet Express Van 2007.,Chevrolet Express Van 2007,70
a photo of a Chevrolet Monte Carlo Coupe 2007.,Chevrolet Monte Carlo Coupe 2007,71
a photo of a Chevrolet Malibu Sedan 2007.,Chevrolet Malibu Sedan 2007,72
a photo of a Chevrolet Silverado 1500 Extended Cab 2012.,Chevrolet Silverado 1500 Extended Cab 2012,73
a photo of a Chevrolet Silverado 1500 Regular Cab 2012.,Chevrolet Silverado 1500 Regular Cab 2012,74
a photo of a Chrysler Aspen SUV 2009.,Chrysler Aspen SUV 2009,75
a photo of a Chrysler Sebring Convertible 2010.,Chrysler Sebring Convertible 2010,76
a photo of a Chrysler Town and Country Minivan 2012.,Chrysler Town and Country Minivan 2012,77
a photo of a Chrysler 300 SRT-8 2010.,Chrysler 300 SRT-8 2010,78
a photo of a Chrysler Crossfire Convertible 2008.,Chrysler Crossfire Convertible 2008,79
a photo of a Chrysler PT Cruiser Convertible 2008.,Chrysler PT Cruiser Convertible 2008,80
a photo of a Daewoo Nubira Wagon 2002.,Daewoo Nubira Wagon 2002,81
a photo of a Dodge Caliber Wagon 2012.,Dodge Caliber Wagon 2012,82
a photo of a Dodge Caliber Wagon 2007.,Dodge Caliber Wagon 2007,83
a photo of a Dodge Caravan Minivan 1997.,Dodge Caravan Minivan 1997,84
a photo of a Dodge Ram Pickup 3500 Crew Cab 2010.,Dodge Ram Pickup 3500 Crew Cab 2010,85
a photo of a Dodge Ram Pickup 3500 Quad Cab 2009.,Dodge Ram Pickup 3500 Quad Cab 2009,86
a photo of a Dodge Sprinter Cargo Van 2009.,Dodge Sprinter Cargo Van 2009,87
a photo of a Dodge Journey SUV 2012.,Dodge Journey SUV 2012,88
a photo of a Dodge Dakota Crew Cab 2010.,Dodge Dakota Crew Cab 2010,89
a photo of a Dodge Dakota Club Cab 2007.,Dodge Dakota Club Cab 2007,90
a photo of a Dodge Magnum Wagon 2008.,Dodge Magnum Wagon 2008,91
a photo of a Dodge Challenger SRT8 2011.,Dodge Challenger SRT8 2011,92
a photo of a Dodge Durango SUV 2012.,Dodge Durango SUV 2012,93
a photo of a Dodge Durango SUV 2007.,Dodge Durango SUV 2007,94
a photo of a Dodge Charger Sedan 2012.,Dodge Charger Sedan 2012,95
a photo of a Dodge Charger SRT-8 2009.,Dodge Charger SRT-8 2009,96
a photo of a Eagle Talon Hatchback 1998.,Eagle Talon Hatchback 1998,97
a photo of a FIAT 500 Abarth 2012.,FIAT 500 Abarth 2012,98
a photo of a FIAT 500 Convertible 2012.,FIAT 500 Convertible 2012,99
a photo of a Ferrari FF Coupe 2012.,Ferrari FF Coupe 2012,100
a photo of a Ferrari California Convertible 2012.,Ferrari California Convertible 2012,101
a photo of a Ferrari 458 Italia Convertible 2012.,Ferrari 458 Italia Convertible 2012,102
a photo of a Ferrari 458 Italia Coupe 2012.,Ferrari 458 Italia Coupe 2012,103
a photo of a Fisker Karma Sedan 2012.,Fisker Karma Sedan 2012,104
a photo of a Ford F-450 Super Duty Crew Cab 2012.,Ford F-450 Super Duty Crew Cab 2012,105
a photo of a Ford Mustang Convertible 2007.,Ford Mustang Convertible 2007,106
a photo of a Ford Freestar Minivan 2007.,Ford Freestar Minivan 2007,107
a photo of a Ford Expedition EL SUV 2009.,Ford Expedition EL SUV 2009,108
a photo of a Ford Edge SUV 2012.,Ford Edge SUV 2012,109
a photo of a Ford Ranger SuperCab 2011.,Ford Ranger SuperCab 2011,110
a photo of a Ford GT Coupe 2006.,Ford GT Coupe 2006,111
a photo of a Ford F-150 Regular Cab 2012.,Ford F-150 Regular Cab 2012,112
a photo of a Ford F-150 Regular Cab 2007.,Ford F-150 Regular Cab 2007,113
a photo of a Ford Focus Sedan 2007.,Ford Focus Sedan 2007,114
a photo of a Ford E-Series Wagon Van 2012.,Ford E-Series Wagon Van 2012,115
a photo of a Ford Fiesta Sedan 2012.,Ford Fiesta Sedan 2012,116
a photo of a GMC Terrain SUV 2012.,GMC Terrain SUV 2012,117
a photo of a GMC Savana Van 2012.,GMC Savana Van 2012,118
a photo of a GMC Yukon Hybrid SUV 2012.,GMC Yukon Hybrid SUV 2012,119
a photo of a GMC Acadia SUV 2012.,GMC Acadia SUV 2012,120
a photo of a GMC Canyon Extended Cab 2012.,GMC Canyon Extended Cab 2012,121
a photo of a Geo Metro Convertible 1993.,Geo Metro Convertible 1993,122
a photo of a HUMMER H3T Crew Cab 2010.,HUMMER H3T Crew Cab 2010,123
a photo of a HUMMER H2 SUT Crew Cab 2009.,HUMMER H2 SUT Crew Cab 2009,124
a photo of a Honda Odyssey Minivan 2012.,Honda Odyssey Minivan 2012,125
a photo of a Honda Odyssey Minivan 2007.,Honda Odyssey Minivan 2007,126
a photo of a Honda Accord Coupe 2012.,Honda Accord Coupe 2012,127
a photo of a Honda Accord Sedan 2012.,Honda Accord Sedan 2012,128
a photo of a Hyundai Veloster Hatchback 2012.,Hyundai Veloster Hatchback 2012,129
a photo of a Hyundai Santa Fe SUV 2012.,Hyundai Santa Fe SUV 2012,130
a photo of a Hyundai Tucson SUV 2012.,Hyundai Tucson SUV 2012,131
a photo of a Hyundai Veracruz SUV 2012.,Hyundai Veracruz SUV 2012,132
a photo of a Hyundai Sonata Hybrid Sedan 2012.,Hyundai Sonata Hybrid Sedan 2012,133
a photo of a Hyundai Elantra Sedan 2007.,Hyundai Elantra Sedan 2007,134
a photo of a Hyundai Accent Sedan 2012.,Hyundai Accent Sedan 2012,135
a photo of a Hyundai Genesis Sedan 2012.,Hyundai Genesis Sedan 2012,136
a photo of a Hyundai Sonata Sedan 2012.,Hyundai Sonata Sedan 2012,137
a photo of a Hyundai Elantra Touring Hatchback 2012.,Hyundai Elantra Touring Hatchback 2012,138
a photo of a Hyundai Azera Sedan 2012.,Hyundai Azera Sedan 2012,139
a photo of a Infiniti G Coupe IPL 2012.,Infiniti G Coupe IPL 2012,140
a photo of a Infiniti QX56 SUV 2011.,Infiniti QX56 SUV 2011,141
a photo of a Isuzu Ascender SUV 2008.,Isuzu Ascender SUV 2008,142
a photo of a Jaguar XK XKR 2012.,Jaguar XK XKR 2012,143
a photo of a Jeep Patriot SUV 2012.,Jeep Patriot SUV 2012,144
a photo of a Jeep Wrangler SUV 2012.,Jeep Wrangler SUV 2012,145
a photo of a Jeep Liberty SUV 2012.,Jeep Liberty SUV 2012,146
a photo of a Jeep Grand Cherokee SUV 2012.,Jeep Grand Cherokee SUV 2012,147
a photo of a Jeep Compass SUV 2012.,Jeep Compass SUV 2012,148
a photo of a Lamborghini Reventon Coupe 2008.,Lamborghini Reventon Coupe 2008,149
a photo of a Lamborghini Aventador Coupe 2012.,Lamborghini Aventador Coupe 2012,150
a photo of a Lamborghini Gallardo LP 570-4 Superleggera 2012.,Lamborghini Gallardo LP 570-4 Superleggera 2012,151
a photo of a Lamborghini Diablo Coupe 2001.,Lamborghini Diablo Coupe 2001,152
a photo of a Land Rover Range Rover SUV 2012.,Land Rover Range Rover SUV 2012,153
a photo of a Land Rover LR2 SUV 2012.,Land Rover LR2 SUV 2012,154
a photo of a Lincoln Town Car Sedan 2011.,Lincoln Town Car Sedan 2011,155
a photo of a MINI Cooper Roadster Convertible 2012.,MINI Cooper Roadster Convertible 2012,156
a photo of a Maybach Landaulet Convertible 2012.,Maybach Landaulet Convertible 2012,157
a photo of a Mazda Tribute SUV 2011.,Mazda Tribute SUV 2011,158
a photo of a McLaren MP4-12C Coupe 2012.,McLaren MP4-12C Coupe 2012,159
a photo of a Mercedes-Benz 300-Class Convertible 1993.,Mercedes-Benz 300-Class Convertible 1993,160
a photo of a Mercedes-Benz C-Class Sedan 2012.,Mercedes-Benz C-Class Sedan 2012,161
a photo of a Mercedes-Benz SL-Class Coupe 2009.,Mercedes-Benz SL-Class Coupe 2009,162
a photo of a Mercedes-Benz E-Class Sedan 2012.,Mercedes-Benz E-Class Sedan 2012,163
a photo of a Mercedes-Benz S-Class Sedan 2012.,Mercedes-Benz S-Class Sedan 2012,164
a photo of a Mercedes-Benz Sprinter Van 2012.,Mercedes-Benz Sprinter Van 2012,165
a photo of a Mitsubishi Lancer Sedan 2012.,Mitsubishi Lancer Sedan 2012,166
a photo of a Nissan Leaf Hatchback 2012.,Nissan Leaf Hatchback 2012,167
a photo of a Nissan NV Passenger Van 2012.,Nissan NV Passenger Van 2012,168
a photo of a Nissan Juke Hatchback 2012.,Nissan Juke Hatchback 2012,169
a photo of a Nissan 240SX Coupe 1998.,Nissan 240SX Coupe 1998,170
a photo of a Plymouth Neon Coupe 1999.,Plymouth Neon Coupe 1999,171
a photo of a Porsche Panamera Sedan 2012.,Porsche Panamera Sedan 2012,172
a photo of a Ram C/V Cargo Van Minivan 2012.,Ram C/V Cargo Van Minivan 2012,173
a photo of a Rolls-Royce Phantom Drophead Coupe Convertible 2012.,Rolls-Royce Phantom Drophead Coupe Convertible 2012,174
a photo of a Rolls-Royce Ghost Sedan 2012.,Rolls-Royce Ghost Sedan 2012,175
a photo of a Rolls-Royce Phantom Sedan 2012.,Rolls-Royce Phantom Sedan 2012,176
a photo of a Scion xD Hatchback 2012.,Scion xD Hatchback 2012,177
a photo of a Spyker C8 Convertible 2009.,Spyker C8 Convertible 2009,178
a photo of a Spyker C8 Coupe 2009.,Spyker C8 Coupe 2009,179
a photo of a Suzuki Aerio Sedan 2007.,Suzuki Aerio Sedan 2007,180
a photo of a Suzuki Kizashi Sedan 2012.,Suzuki Kizashi Sedan 2012,181
a photo of a Suzuki SX4 Hatchback 2012.,Suzuki SX4 Hatchback 2012,182
a photo of a Suzuki SX4 Sedan 2012.,Suzuki SX4 Sedan 2012,183
a photo of a Tesla Model S Sedan 2012.,Tesla Model S Sedan 2012,184
a photo of a Toyota Sequoia SUV 2012.,Toyota Sequoia SUV 2012,185
a photo of a Toyota Camry Sedan 2012.,Toyota Camry Sedan 2012,186
a photo of a Toyota Corolla Sedan 2012.,Toyota Corolla Sedan 2012,187
a photo of a Toyota 4Runner SUV 2012.,Toyota 4Runner SUV 2012,188
a photo of a Volkswagen Golf Hatchback 2012.,Volkswagen Golf Hatchback 2012,189
a photo of a Volkswagen Golf Hatchback 1991.,Volkswagen Golf Hatchback 1991,190
a photo of a Volkswagen Beetle Hatchback 2012.,Volkswagen Beetle Hatchback 2012,191
a photo of a Volvo C30 Hatchback 2012.,Volvo C30 Hatchback 2012,192
a photo of a Volvo 240 Sedan 1993.,Volvo 240 Sedan 1993,193
a photo of a Volvo XC90 SUV 2007.,Volvo XC90 SUV 2007,194
a photo of a smart fortwo Convertible 2012.,smart fortwo Convertible 2012,195
